仮リンク（置換前）,実リンク（ここに記入）,種類と商品,使っているページ数,使っているページ（先頭10件）
#affiliate-TODO-rakuten-amazon-bf13696b,,楽天/Amazon:お気に入りの歌のプレイリスト,1,0119
#affiliate-TODO-rakuten-amazon-0accd0d8,,楽天/Amazon:スコップ型のしおり,1,0110
#affiliate-TODO-rakuten-amazon-06f9e1b7,,楽天/Amazon:ラブラドライトのブレスレット,1,0119
#affiliate-TODO-rakuten-amazon-d712a8ff,,楽天/Amazon:一年使える日記帳,1,0119
#affiliate-TODO-rakuten-amazon-408b7c1a,,楽天/Amazon:厚手の手帳,1,0110
#affiliate-TODO-rakuten-amazon-5313b176,,楽天/Amazon:土鍋,1,0101
#affiliate-TODO-rakuten-amazon-8778dce6,,楽天/Amazon:小さなカレンダー,1,0101
#affiliate-TODO-rakuten-amazon-90f1ced1,,楽天/Amazon:小さな空気清浄機,1,0119
#affiliate-TODO-rakuten-amazon-2d65f4c3,,楽天/Amazon:方眼ノート,1,0101
#affiliate-TODO-rakuten-amazon-ac25a4f1,,楽天/Amazon:木の鉛筆,1,0101
#affiliate-TODO-rakuten-amazon-ddf3024c,,楽天/Amazon:湧き水のミネラルウォーター,1,0110
#affiliate-TODO-rakuten-amazon-036d7515,,楽天/Amazon:照柿色のキーケース,1,0119
#affiliate-TODO-rakuten-amazon-43ab1dfe,,楽天/Amazon:白いスニーカー,1,0101
#affiliate-TODO-rakuten-amazon-d153a933,,楽天/Amazon:福笹のミニチュア,1,0110
#affiliate-TODO-rakuten-amazon-9583ed47,,楽天/Amazon:納豆用のかき混ぜ器,1,0110
#affiliate-TODO-rakuten-amazon-f6a740db,,楽天/Amazon:観葉植物,1,0101
#affiliate-TODO-rakuten-amazon-59ecb9b4,,楽天/Amazon:観葉植物の鉢,1,0119
#affiliate-TODO-rakuten-amazon-6b6e58c4,,楽天/Amazon:防災用のホイッスル,1,0110
#affiliate-TODO-rakuten-ce3c394c,,楽天:おそろいのマグカップ ギフト,1,0101
#affiliate-TODO-rakuten-b6aa3dd5,,楽天:こだわりの納豆と小鉢 ギフト,1,0110
#affiliate-TODO-rakuten-6a08adab,,楽天:カラオケ店や音楽ライブのギフト券 ギフト,1,0119
#affiliate-TODO-rakuten-5c3fdd1a,,楽天:スイセンイエロー 小物,1,0119
#affiliate-TODO-rakuten-97cb8355,,楽天:フォレストグリーン 小物,1,0119
#affiliate-TODO-rakuten-c3dbd393,,楽天:フクジュソウの鉢植え ギフト,1,0101
#affiliate-TODO-rakuten-35efb719,,楽天:ラブラドライトのピンブローチ ギフト,1,0119
#affiliate-TODO-rakuten-6fbf2253,,楽天:レンギョウの花束 ギフト,1,0110
#affiliate-TODO-rakuten-02dab3ca,,楽天:レンギョウの黄色 小物,1,0110
#affiliate-TODO-rakuten-58519203,,楽天:新橋色 小物,1,0110
#affiliate-TODO-rakuten-2f934497,,楽天:新橋色のマグボトル ギフト,1,0110
#affiliate-TODO-rakuten-0e1e6359,,楽天:深い赤 小物,1,0101
#affiliate-TODO-rakuten-a4eabcea,,楽天:照柿 小物,1,0119
#affiliate-TODO-rakuten-94f3ecd3,,楽天:照柿色の革小物 ギフト,1,0119
#affiliate-TODO-rakuten-46345d41,,楽天:白い麻のハンカチ ギフト,1,0101
#affiliate-TODO-rakuten-78fd71d9,,楽天:白練 小物,1,0101
#affiliate-TODO-rakuten-5e6af1fe,,楽天:縁起物の福笹の飾り ギフト,1,0110
#affiliate-TODO-rakuten-3426df2c,,楽天:若草の緑 小物,1,0110
#affiliate-TODO-rakuten-9cf0624c,,楽天:若葉の緑 小物,1,0101
#affiliate-TODO-rakuten-482f6f8b,,楽天:革の手帳カバー ギフト,1,0101
#affiliate-TODO-rakuten-38fcdb4b,,楽天:黄色いスイセンの花束 ギフト,1,0119
#affiliate-TODO-phone-2cf3dc12,,電話占い:初回特典ページ,3,0101 0110 0119
