source,target,regex,code
/2026-0101/,/366uranai/01-01/,0,301
/2026-0102/,/366uranai/01-02/,0,301
/2026-0103/,/366uranai/01-03/,0,301
/2026-0104/,/366uranai/01-04/,0,301
/2026-0105/,/366uranai/01-05/,0,301
/2026-0106/,/366uranai/01-06/,0,301
/2026-0107/,/366uranai/01-07/,0,301
/2026-0108/,/366uranai/01-08/,0,301
/2026-0109/,/366uranai/01-09/,0,301
/2026-0110/,/366uranai/01-10/,0,301
/2026-0111/,/366uranai/01-11/,0,301
/2026-0112/,/366uranai/01-12/,0,301
/2026-0113/,/366uranai/01-13/,0,301
/2026-0114/,/366uranai/01-14/,0,301
/2026-0115/,/366uranai/01-15/,0,301
/2026-0116/,/366uranai/01-16/,0,301
/2026-0117/,/366uranai/01-17/,0,301
/2026-0118/,/366uranai/01-18/,0,301
/2026-0119/,/366uranai/01-19/,0,301
/2026-0120/,/366uranai/01-20/,0,301
/2026-0121/,/366uranai/01-21/,0,301
/2026-0122/,/366uranai/01-22/,0,301
/2026-0123/,/366uranai/01-23/,0,301
/2026-0124/,/366uranai/01-24/,0,301
/2026-0125/,/366uranai/01-25/,0,301
/2026-0126/,/366uranai/01-26/,0,301
/2026-0127/,/366uranai/01-27/,0,301
/2026-0128/,/366uranai/01-28/,0,301
/2026-0129/,/366uranai/01-29/,0,301
/2026-0130/,/366uranai/01-30/,0,301
/2026-0131/,/366uranai/01-31/,0,301
/2026-0201/,/366uranai/02-01/,0,301
/2026-0202/,/366uranai/02-02/,0,301
/2026-0203/,/366uranai/02-03/,0,301
/2026-0204/,/366uranai/02-04/,0,301
/2026-0205/,/366uranai/02-05/,0,301
/2026-0206/,/366uranai/02-06/,0,301
/2026-0207/,/366uranai/02-07/,0,301
/2026-0208/,/366uranai/02-08/,0,301
/2026-0209/,/366uranai/02-09/,0,301
/2026-0210/,/366uranai/02-10/,0,301
/2026-0211/,/366uranai/02-11/,0,301
/2026-0212/,/366uranai/02-12/,0,301
/2026-0213/,/366uranai/02-13/,0,301
/2026-0214/,/366uranai/02-14/,0,301
/2026-0215/,/366uranai/02-15/,0,301
/2026-0216/,/366uranai/02-16/,0,301
/2026-0217/,/366uranai/02-17/,0,301
/2026-0218/,/366uranai/02-18/,0,301
/2026-0219/,/366uranai/02-19/,0,301
/2026-0220/,/366uranai/02-20/,0,301
/2026-0221/,/366uranai/02-21/,0,301
/2026-0222/,/366uranai/02-22/,0,301
/2026-0223/,/366uranai/02-23/,0,301
/2026-0224/,/366uranai/02-24/,0,301
/2026-0225/,/366uranai/02-25/,0,301
/2026-0226/,/366uranai/02-26/,0,301
/2026-0227/,/366uranai/02-27/,0,301
/2026-0228/,/366uranai/02-28/,0,301
/2026-0229/,/366uranai/02-29/,0,301
/2026-0301/,/366uranai/03-01/,0,301
/2026-0302/,/366uranai/03-02/,0,301
/2026-0303/,/366uranai/03-03/,0,301
/2026-0304/,/366uranai/03-04/,0,301
/2026-0305/,/366uranai/03-05/,0,301
/2026-0306/,/366uranai/03-06/,0,301
/2026-0307/,/366uranai/03-07/,0,301
/2026-0308/,/366uranai/03-08/,0,301
/2026-0309/,/366uranai/03-09/,0,301
/2026-0310/,/366uranai/03-10/,0,301
/2026-0311/,/366uranai/03-11/,0,301
/2026-0312/,/366uranai/03-12/,0,301
/2026-0313/,/366uranai/03-13/,0,301
/2026-0314/,/366uranai/03-14/,0,301
/2026-0315/,/366uranai/03-15/,0,301
/2026-0316/,/366uranai/03-16/,0,301
/2026-0317/,/366uranai/03-17/,0,301
/2026-0318/,/366uranai/03-18/,0,301
/2026-0319/,/366uranai/03-19/,0,301
/2026-0320/,/366uranai/03-20/,0,301
/2026-0321/,/366uranai/03-21/,0,301
/2026-0322/,/366uranai/03-22/,0,301
/2026-0323/,/366uranai/03-23/,0,301
/2026-0324/,/366uranai/03-24/,0,301
/2026-0325/,/366uranai/03-25/,0,301
/2026-0326/,/366uranai/03-26/,0,301
/2026-0327/,/366uranai/03-27/,0,301
/2026-0328/,/366uranai/03-28/,0,301
/2026-0329/,/366uranai/03-29/,0,301
/2026-0330/,/366uranai/03-30/,0,301
/2026-0331/,/366uranai/03-31/,0,301
/2026-0401/,/366uranai/04-01/,0,301
/2026-0402/,/366uranai/04-02/,0,301
/2026-0403/,/366uranai/04-03/,0,301
/2026-0404/,/366uranai/04-04/,0,301
/2026-0405/,/366uranai/04-05/,0,301
/2026-0406/,/366uranai/04-06/,0,301
/2026-0407/,/366uranai/04-07/,0,301
/2026-0408/,/366uranai/04-08/,0,301
/2026-0409/,/366uranai/04-09/,0,301
/2026-0410/,/366uranai/04-10/,0,301
/2026-0411/,/366uranai/04-11/,0,301
/2026-0412/,/366uranai/04-12/,0,301
/2026-0413/,/366uranai/04-13/,0,301
/2026-0414/,/366uranai/04-14/,0,301
/2026-0415/,/366uranai/04-15/,0,301
/2026-0416/,/366uranai/04-16/,0,301
/2026-0417/,/366uranai/04-17/,0,301
/2026-0418/,/366uranai/04-18/,0,301
/2026-0419/,/366uranai/04-19/,0,301
/2026-0420/,/366uranai/04-20/,0,301
/2026-0421/,/366uranai/04-21/,0,301
/2026-0422/,/366uranai/04-22/,0,301
/2026-0423/,/366uranai/04-23/,0,301
/2026-0424/,/366uranai/04-24/,0,301
/2026-0425/,/366uranai/04-25/,0,301
/2026-0426/,/366uranai/04-26/,0,301
/2026-0427/,/366uranai/04-27/,0,301
/2026-0428/,/366uranai/04-28/,0,301
/2026-0429/,/366uranai/04-29/,0,301
/2026-0430/,/366uranai/04-30/,0,301
/2026-0501/,/366uranai/05-01/,0,301
/2026-0502/,/366uranai/05-02/,0,301
/2026-0503/,/366uranai/05-03/,0,301
/2026-0504/,/366uranai/05-04/,0,301
/2026-0505/,/366uranai/05-05/,0,301
/2026-0506/,/366uranai/05-06/,0,301
/2026-0507/,/366uranai/05-07/,0,301
/2026-0508/,/366uranai/05-08/,0,301
/2026-0509/,/366uranai/05-09/,0,301
/2026-0510/,/366uranai/05-10/,0,301
/2026-0511/,/366uranai/05-11/,0,301
/2026-0512/,/366uranai/05-12/,0,301
/2026-0513/,/366uranai/05-13/,0,301
/2026-0514/,/366uranai/05-14/,0,301
/2026-0515/,/366uranai/05-15/,0,301
/2026-0516/,/366uranai/05-16/,0,301
/2026-0517/,/366uranai/05-17/,0,301
/2026-0518/,/366uranai/05-18/,0,301
/2026-0519/,/366uranai/05-19/,0,301
/2026-0520/,/366uranai/05-20/,0,301
/2026-0521/,/366uranai/05-21/,0,301
/2026-0522/,/366uranai/05-22/,0,301
/2026-0523/,/366uranai/05-23/,0,301
/2026-0524/,/366uranai/05-24/,0,301
/2026-0525/,/366uranai/05-25/,0,301
/2026-0526/,/366uranai/05-26/,0,301
/2026-0527/,/366uranai/05-27/,0,301
/2026-0528/,/366uranai/05-28/,0,301
/2026-0529/,/366uranai/05-29/,0,301
/2026-0530/,/366uranai/05-30/,0,301
/2026-0531/,/366uranai/05-31/,0,301
/2026-0601/,/366uranai/06-01/,0,301
/2026-0602/,/366uranai/06-02/,0,301
/2026-0603/,/366uranai/06-03/,0,301
/2026-0604/,/366uranai/06-04/,0,301
/2026-0605/,/366uranai/06-05/,0,301
/2026-0606/,/366uranai/06-06/,0,301
/2026-0607/,/366uranai/06-07/,0,301
/2026-0608/,/366uranai/06-08/,0,301
/2026-0609/,/366uranai/06-09/,0,301
/2026-0610/,/366uranai/06-10/,0,301
/2026-0611/,/366uranai/06-11/,0,301
/2026-0612/,/366uranai/06-12/,0,301
/2026-0613/,/366uranai/06-13/,0,301
/2026-0614/,/366uranai/06-14/,0,301
/2026-0615/,/366uranai/06-15/,0,301
/2026-0616/,/366uranai/06-16/,0,301
/2026-0617/,/366uranai/06-17/,0,301
/2026-0618/,/366uranai/06-18/,0,301
/2026-0619/,/366uranai/06-19/,0,301
/2026-0620/,/366uranai/06-20/,0,301
/2026-0621/,/366uranai/06-21/,0,301
/2026-0622/,/366uranai/06-22/,0,301
/2026-0623/,/366uranai/06-23/,0,301
/2026-0624/,/366uranai/06-24/,0,301
/2026-0625/,/366uranai/06-25/,0,301
/2026-0626/,/366uranai/06-26/,0,301
/2026-0627/,/366uranai/06-27/,0,301
/2026-0628/,/366uranai/06-28/,0,301
/2026-0629/,/366uranai/06-29/,0,301
/2026-0630/,/366uranai/06-30/,0,301
/2026-0701/,/366uranai/07-01/,0,301
/2026-0702/,/366uranai/07-02/,0,301
/2026-0703/,/366uranai/07-03/,0,301
/2026-0704/,/366uranai/07-04/,0,301
/2026-0705/,/366uranai/07-05/,0,301
/2026-0706/,/366uranai/07-06/,0,301
/2026-0707/,/366uranai/07-07/,0,301
/2026-0708/,/366uranai/07-08/,0,301
/2026-0709/,/366uranai/07-09/,0,301
/2026-0710/,/366uranai/07-10/,0,301
/2026-0711/,/366uranai/07-11/,0,301
/2026-0712/,/366uranai/07-12/,0,301
/2026-0713/,/366uranai/07-13/,0,301
/2026-0714/,/366uranai/07-14/,0,301
/2026-0715/,/366uranai/07-15/,0,301
/2026-0716/,/366uranai/07-16/,0,301
/2026-0717/,/366uranai/07-17/,0,301
/2026-0718/,/366uranai/07-18/,0,301
/2026-0719/,/366uranai/07-19/,0,301
/2026-0720/,/366uranai/07-20/,0,301
/2026-0721/,/366uranai/07-21/,0,301
/2026-0722/,/366uranai/07-22/,0,301
/2026-0723/,/366uranai/07-23/,0,301
/2026-0724/,/366uranai/07-24/,0,301
/2026-0725/,/366uranai/07-25/,0,301
/2026-0726/,/366uranai/07-26/,0,301
/2026-0727/,/366uranai/07-27/,0,301
/2026-0728/,/366uranai/07-28/,0,301
/2026-0729/,/366uranai/07-29/,0,301
/2026-0730/,/366uranai/07-30/,0,301
/2026-0731/,/366uranai/07-31/,0,301
/2026-0801/,/366uranai/08-01/,0,301
/2026-0802/,/366uranai/08-02/,0,301
/2026-0803/,/366uranai/08-03/,0,301
/2026-0804/,/366uranai/08-04/,0,301
/2026-0805/,/366uranai/08-05/,0,301
/2026-0806/,/366uranai/08-06/,0,301
/2026-0807/,/366uranai/08-07/,0,301
/2026-0808/,/366uranai/08-08/,0,301
/2026-0809/,/366uranai/08-09/,0,301
/2026-0810/,/366uranai/08-10/,0,301
/2026-0811/,/366uranai/08-11/,0,301
/2026-0812/,/366uranai/08-12/,0,301
/2026-0813/,/366uranai/08-13/,0,301
/2026-0814/,/366uranai/08-14/,0,301
/2026-0815/,/366uranai/08-15/,0,301
/2026-0816/,/366uranai/08-16/,0,301
/2026-0817/,/366uranai/08-17/,0,301
/2026-0818/,/366uranai/08-18/,0,301
/2026-0819/,/366uranai/08-19/,0,301
/2026-0820/,/366uranai/08-20/,0,301
/2026-0821/,/366uranai/08-21/,0,301
/2026-0822/,/366uranai/08-22/,0,301
/2026-0823/,/366uranai/08-23/,0,301
/2026-0824/,/366uranai/08-24/,0,301
/2026-0825/,/366uranai/08-25/,0,301
/2026-0826/,/366uranai/08-26/,0,301
/2026-0827/,/366uranai/08-27/,0,301
/2026-0828/,/366uranai/08-28/,0,301
/2026-0829/,/366uranai/08-29/,0,301
/2026-0830/,/366uranai/08-30/,0,301
/2026-0831/,/366uranai/08-31/,0,301
/2026-0901/,/366uranai/09-01/,0,301
/2026-0902/,/366uranai/09-02/,0,301
/2026-0903/,/366uranai/09-03/,0,301
/2026-0904/,/366uranai/09-04/,0,301
/2026-0905/,/366uranai/09-05/,0,301
/2026-0906/,/366uranai/09-06/,0,301
/2026-0907/,/366uranai/09-07/,0,301
/2026-0908/,/366uranai/09-08/,0,301
/2026-0909/,/366uranai/09-09/,0,301
/2026-0910/,/366uranai/09-10/,0,301
/2026-0911/,/366uranai/09-11/,0,301
/2026-0912/,/366uranai/09-12/,0,301
/2026-0913/,/366uranai/09-13/,0,301
/2026-0914/,/366uranai/09-14/,0,301
/2026-0915/,/366uranai/09-15/,0,301
/2026-0916/,/366uranai/09-16/,0,301
/2026-0917/,/366uranai/09-17/,0,301
/2026-0918/,/366uranai/09-18/,0,301
/2026-0919/,/366uranai/09-19/,0,301
/2026-0920/,/366uranai/09-20/,0,301
/2026-0921/,/366uranai/09-21/,0,301
/2026-0922/,/366uranai/09-22/,0,301
/2026-0923/,/366uranai/09-23/,0,301
/2026-0924/,/366uranai/09-24/,0,301
/2026-0925/,/366uranai/09-25/,0,301
/2026-0926/,/366uranai/09-26/,0,301
/2026-0927/,/366uranai/09-27/,0,301
/2026-0928/,/366uranai/09-28/,0,301
/2026-0929/,/366uranai/09-29/,0,301
/2026-0930/,/366uranai/09-30/,0,301
/2026-1001/,/366uranai/10-01/,0,301
/2026-1002/,/366uranai/10-02/,0,301
/2026-1003/,/366uranai/10-03/,0,301
/2026-1004/,/366uranai/10-04/,0,301
/2026-1005/,/366uranai/10-05/,0,301
/2026-1006/,/366uranai/10-06/,0,301
/2026-1007/,/366uranai/10-07/,0,301
/2026-1008/,/366uranai/10-08/,0,301
/2026-1009/,/366uranai/10-09/,0,301
/2026-1010/,/366uranai/10-10/,0,301
/2026-1011/,/366uranai/10-11/,0,301
/2026-1012/,/366uranai/10-12/,0,301
/2026-1013/,/366uranai/10-13/,0,301
/2026-1014/,/366uranai/10-14/,0,301
/2026-1015/,/366uranai/10-15/,0,301
/2026-1016/,/366uranai/10-16/,0,301
/2026-1017/,/366uranai/10-17/,0,301
/2026-1018/,/366uranai/10-18/,0,301
/2026-1019/,/366uranai/10-19/,0,301
/2026-1020/,/366uranai/10-20/,0,301
/2026-1021/,/366uranai/10-21/,0,301
/2026-1022/,/366uranai/10-22/,0,301
/2026-1023/,/366uranai/10-23/,0,301
/2026-1024/,/366uranai/10-24/,0,301
/2026-1025/,/366uranai/10-25/,0,301
/2026-1026/,/366uranai/10-26/,0,301
/2026-1027/,/366uranai/10-27/,0,301
/2026-1028/,/366uranai/10-28/,0,301
/2026-1029/,/366uranai/10-29/,0,301
/2026-1030/,/366uranai/10-30/,0,301
/2026-1031/,/366uranai/10-31/,0,301
/2026-1101/,/366uranai/11-01/,0,301
/2026-1102/,/366uranai/11-02/,0,301
/2026-1103/,/366uranai/11-03/,0,301
/2026-1104/,/366uranai/11-04/,0,301
/2026-1105/,/366uranai/11-05/,0,301
/2026-1106/,/366uranai/11-06/,0,301
/2026-1107/,/366uranai/11-07/,0,301
/2026-1108/,/366uranai/11-08/,0,301
/2026-1109/,/366uranai/11-09/,0,301
/2026-1110/,/366uranai/11-10/,0,301
/2026-1111/,/366uranai/11-11/,0,301
/2026-1112/,/366uranai/11-12/,0,301
/2026-1113/,/366uranai/11-13/,0,301
/2026-1114/,/366uranai/11-14/,0,301
/2026-1115/,/366uranai/11-15/,0,301
/2026-1116/,/366uranai/11-16/,0,301
/2026-1117/,/366uranai/11-17/,0,301
/2026-1118/,/366uranai/11-18/,0,301
/2026-1119/,/366uranai/11-19/,0,301
/2026-1120/,/366uranai/11-20/,0,301
/2026-1121/,/366uranai/11-21/,0,301
/2026-1122/,/366uranai/11-22/,0,301
/2026-1123/,/366uranai/11-23/,0,301
/2026-1124/,/366uranai/11-24/,0,301
/2026-1125/,/366uranai/11-25/,0,301
/2026-1126/,/366uranai/11-26/,0,301
/2026-1127/,/366uranai/11-27/,0,301
/2026-1128/,/366uranai/11-28/,0,301
/2026-1129/,/366uranai/11-29/,0,301
/2026-1130/,/366uranai/11-30/,0,301
/2026-1201/,/366uranai/12-01/,0,301
/2026-1202/,/366uranai/12-02/,0,301
/2026-1203/,/366uranai/12-03/,0,301
/2026-1204/,/366uranai/12-04/,0,301
/2026-1205/,/366uranai/12-05/,0,301
/2026-1206/,/366uranai/12-06/,0,301
/2026-1207/,/366uranai/12-07/,0,301
/2026-1208/,/366uranai/12-08/,0,301
/2026-1209/,/366uranai/12-09/,0,301
/2026-1210/,/366uranai/12-10/,0,301
/2026-1211/,/366uranai/12-11/,0,301
/2026-1212/,/366uranai/12-12/,0,301
/2026-1213/,/366uranai/12-13/,0,301
/2026-1214/,/366uranai/12-14/,0,301
/2026-1215/,/366uranai/12-15/,0,301
/2026-1216/,/366uranai/12-16/,0,301
/2026-1217/,/366uranai/12-17/,0,301
/2026-1218/,/366uranai/12-18/,0,301
/2026-1219/,/366uranai/12-19/,0,301
/2026-1220/,/366uranai/12-20/,0,301
/2026-1221/,/366uranai/12-21/,0,301
/2026-1222/,/366uranai/12-22/,0,301
/2026-1223/,/366uranai/12-23/,0,301
/2026-1224/,/366uranai/12-24/,0,301
/2026-1225/,/366uranai/12-25/,0,301
/2026-1226/,/366uranai/12-26/,0,301
/2026-1227/,/366uranai/12-27/,0,301
/2026-1228/,/366uranai/12-28/,0,301
/2026-1229/,/366uranai/12-29/,0,301
/2026-1230/,/366uranai/12-30/,0,301
/2026-1231/,/366uranai/12-31/,0,301
/366uranai/2026y/,/366uranai/,0,301
