元のURL,転送先（最終URL）,種類
/2026-0101/,/birthday/0101/,301
/2025-0101/,/birthday/0101/,301
/2026-0102/,/birthday/0102/,301
/2025-0102/,/birthday/0102/,301
/2026-0103/,/birthday/0103/,301
/2025-0103/,/birthday/0103/,301
/2026-0104/,/birthday/0104/,301
/2025-0104/,/birthday/0104/,301
/2026-0105/,/birthday/0105/,301
/2025-0105/,/birthday/0105/,301
/2026-0106/,/birthday/0106/,301
/2025-0106/,/birthday/0106/,301
/2026-0107/,/birthday/0107/,301
/2025-0107/,/birthday/0107/,301
/2026-0108/,/birthday/0108/,301
/2025-0108/,/birthday/0108/,301
/2026-0109/,/birthday/0109/,301
/2025-0109/,/birthday/0109/,301
/2026-0110/,/birthday/0110/,301
/2025-0110/,/birthday/0110/,301
/2026-0111/,/birthday/0111/,301
/2025-0111/,/birthday/0111/,301
/2026-0112/,/birthday/0112/,301
/2025-0112/,/birthday/0112/,301
/2026-0113/,/birthday/0113/,301
/2025-0113/,/birthday/0113/,301
/2026-0114/,/birthday/0114/,301
/2025-0114/,/birthday/0114/,301
/2026-0115/,/birthday/0115/,301
/2025-0115/,/birthday/0115/,301
/2026-0116/,/birthday/0116/,301
/2025-0116/,/birthday/0116/,301
/2026-0117/,/birthday/0117/,301
/2025-0117/,/birthday/0117/,301
/2026-0118/,/birthday/0118/,301
/2025-0118/,/birthday/0118/,301
/2026-0119/,/birthday/0119/,301
/2025-0119/,/birthday/0119/,301
/2026-0120/,/birthday/0120/,301
/2025-0120/,/birthday/0120/,301
/2026-0121/,/birthday/0121/,301
/2025-0121/,/birthday/0121/,301
/2026-0122/,/birthday/0122/,301
/2025-0122/,/birthday/0122/,301
/2026-0123/,/birthday/0123/,301
/2025-0123/,/birthday/0123/,301
/2026-0124/,/birthday/0124/,301
/2025-0124/,/birthday/0124/,301
/2026-0125/,/birthday/0125/,301
/2025-0125/,/birthday/0125/,301
/2026-0126/,/birthday/0126/,301
/2025-0126/,/birthday/0126/,301
/2026-0127/,/birthday/0127/,301
/2025-0127/,/birthday/0127/,301
/2026-0128/,/birthday/0128/,301
/2025-0128/,/birthday/0128/,301
/2026-0129/,/birthday/0129/,301
/2025-0129/,/birthday/0129/,301
/2026-0130/,/birthday/0130/,301
/2025-0130/,/birthday/0130/,301
/2026-0131/,/birthday/0131/,301
/2025-0131/,/birthday/0131/,301
/2026-0201/,/birthday/0201/,301
/2025-0201/,/birthday/0201/,301
/2026-0202/,/birthday/0202/,301
/2025-0202/,/birthday/0202/,301
/2026-0203/,/birthday/0203/,301
/2025-0203/,/birthday/0203/,301
/2026-0204/,/birthday/0204/,301
/2025-0204/,/birthday/0204/,301
/2026-0205/,/birthday/0205/,301
/2025-0205/,/birthday/0205/,301
/2026-0206/,/birthday/0206/,301
/2025-0206/,/birthday/0206/,301
/2026-0207/,/birthday/0207/,301
/2025-0207/,/birthday/0207/,301
/2026-0208/,/birthday/0208/,301
/2025-0208/,/birthday/0208/,301
/2026-0209/,/birthday/0209/,301
/2025-0209/,/birthday/0209/,301
/2026-0210/,/birthday/0210/,301
/2025-0210/,/birthday/0210/,301
/2026-0211/,/birthday/0211/,301
/2025-0211/,/birthday/0211/,301
/2026-0212/,/birthday/0212/,301
/2025-0212/,/birthday/0212/,301
/2026-0213/,/birthday/0213/,301
/2025-0213/,/birthday/0213/,301
/2026-0214/,/birthday/0214/,301
/2025-0214/,/birthday/0214/,301
/2026-0215/,/birthday/0215/,301
/2025-0215/,/birthday/0215/,301
/2026-0216/,/birthday/0216/,301
/2025-0216/,/birthday/0216/,301
/2026-0217/,/birthday/0217/,301
/2025-0217/,/birthday/0217/,301
/2026-0218/,/birthday/0218/,301
/2025-0218/,/birthday/0218/,301
/2026-0219/,/birthday/0219/,301
/2025-0219/,/birthday/0219/,301
/2026-0220/,/birthday/0220/,301
/2025-0220/,/birthday/0220/,301
/2026-0221/,/birthday/0221/,301
/2025-0221/,/birthday/0221/,301
/2026-0222/,/birthday/0222/,301
/2025-0222/,/birthday/0222/,301
/2026-0223/,/birthday/0223/,301
/2025-0223/,/birthday/0223/,301
/2026-0224/,/birthday/0224/,301
/2025-0224/,/birthday/0224/,301
/2026-0225/,/birthday/0225/,301
/2025-0225/,/birthday/0225/,301
/2026-0226/,/birthday/0226/,301
/2025-0226/,/birthday/0226/,301
/2026-0227/,/birthday/0227/,301
/2025-0227/,/birthday/0227/,301
/2026-0228/,/birthday/0228/,301
/2025-0228/,/birthday/0228/,301
/2026-0229/,/birthday/0229/,301
/2025-0229/,/birthday/0229/,301
/2026-0301/,/birthday/0301/,301
/2025-0301/,/birthday/0301/,301
/2026-0302/,/birthday/0302/,301
/2025-0302/,/birthday/0302/,301
/2026-0303/,/birthday/0303/,301
/2025-0303/,/birthday/0303/,301
/2026-0304/,/birthday/0304/,301
/2025-0304/,/birthday/0304/,301
/2026-0305/,/birthday/0305/,301
/2025-0305/,/birthday/0305/,301
/2026-0306/,/birthday/0306/,301
/2025-0306/,/birthday/0306/,301
/2026-0307/,/birthday/0307/,301
/2025-0307/,/birthday/0307/,301
/2026-0308/,/birthday/0308/,301
/2025-0308/,/birthday/0308/,301
/2026-0309/,/birthday/0309/,301
/2025-0309/,/birthday/0309/,301
/2026-0310/,/birthday/0310/,301
/2025-0310/,/birthday/0310/,301
/2026-0311/,/birthday/0311/,301
/2025-0311/,/birthday/0311/,301
/2026-0312/,/birthday/0312/,301
/2025-0312/,/birthday/0312/,301
/2026-0313/,/birthday/0313/,301
/2025-0313/,/birthday/0313/,301
/2026-0314/,/birthday/0314/,301
/2025-0314/,/birthday/0314/,301
/2026-0315/,/birthday/0315/,301
/2025-0315/,/birthday/0315/,301
/2026-0316/,/birthday/0316/,301
/2025-0316/,/birthday/0316/,301
/2026-0317/,/birthday/0317/,301
/2025-0317/,/birthday/0317/,301
/2026-0318/,/birthday/0318/,301
/2025-0318/,/birthday/0318/,301
/2026-0319/,/birthday/0319/,301
/2025-0319/,/birthday/0319/,301
/2026-0320/,/birthday/0320/,301
/2025-0320/,/birthday/0320/,301
/2026-0321/,/birthday/0321/,301
/2025-0321/,/birthday/0321/,301
/2026-0322/,/birthday/0322/,301
/2025-0322/,/birthday/0322/,301
/2026-0323/,/birthday/0323/,301
/2025-0323/,/birthday/0323/,301
/2026-0324/,/birthday/0324/,301
/2025-0324/,/birthday/0324/,301
/2026-0325/,/birthday/0325/,301
/2025-0325/,/birthday/0325/,301
/2026-0326/,/birthday/0326/,301
/2025-0326/,/birthday/0326/,301
/2026-0327/,/birthday/0327/,301
/2025-0327/,/birthday/0327/,301
/2026-0328/,/birthday/0328/,301
/2025-0328/,/birthday/0328/,301
/2026-0329/,/birthday/0329/,301
/2025-0329/,/birthday/0329/,301
/2026-0330/,/birthday/0330/,301
/2025-0330/,/birthday/0330/,301
/2026-0331/,/birthday/0331/,301
/2025-0331/,/birthday/0331/,301
/2026-0401/,/birthday/0401/,301
/2025-0401/,/birthday/0401/,301
/2026-0402/,/birthday/0402/,301
/2025-0402/,/birthday/0402/,301
/2026-0403/,/birthday/0403/,301
/2025-0403/,/birthday/0403/,301
/2026-0404/,/birthday/0404/,301
/2025-0404/,/birthday/0404/,301
/2026-0405/,/birthday/0405/,301
/2025-0405/,/birthday/0405/,301
/2026-0406/,/birthday/0406/,301
/2025-0406/,/birthday/0406/,301
/2026-0407/,/birthday/0407/,301
/2025-0407/,/birthday/0407/,301
/2026-0408/,/birthday/0408/,301
/2025-0408/,/birthday/0408/,301
/2026-0409/,/birthday/0409/,301
/2025-0409/,/birthday/0409/,301
/2026-0410/,/birthday/0410/,301
/2025-0410/,/birthday/0410/,301
/2026-0411/,/birthday/0411/,301
/2025-0411/,/birthday/0411/,301
/2026-0412/,/birthday/0412/,301
/2025-0412/,/birthday/0412/,301
/2026-0413/,/birthday/0413/,301
/2025-0413/,/birthday/0413/,301
/2026-0414/,/birthday/0414/,301
/2025-0414/,/birthday/0414/,301
/2026-0415/,/birthday/0415/,301
/2025-0415/,/birthday/0415/,301
/2026-0416/,/birthday/0416/,301
/2025-0416/,/birthday/0416/,301
/2026-0417/,/birthday/0417/,301
/2025-0417/,/birthday/0417/,301
/2026-0418/,/birthday/0418/,301
/2025-0418/,/birthday/0418/,301
/2026-0419/,/birthday/0419/,301
/2025-0419/,/birthday/0419/,301
/2026-0420/,/birthday/0420/,301
/2025-0420/,/birthday/0420/,301
/2026-0421/,/birthday/0421/,301
/2025-0421/,/birthday/0421/,301
/2026-0422/,/birthday/0422/,301
/2025-0422/,/birthday/0422/,301
/2026-0423/,/birthday/0423/,301
/2025-0423/,/birthday/0423/,301
/2026-0424/,/birthday/0424/,301
/2025-0424/,/birthday/0424/,301
/2026-0425/,/birthday/0425/,301
/2025-0425/,/birthday/0425/,301
/2026-0426/,/birthday/0426/,301
/2025-0426/,/birthday/0426/,301
/2026-0427/,/birthday/0427/,301
/2025-0427/,/birthday/0427/,301
/2026-0428/,/birthday/0428/,301
/2025-0428/,/birthday/0428/,301
/2026-0429/,/birthday/0429/,301
/2025-0429/,/birthday/0429/,301
/2026-0430/,/birthday/0430/,301
/2025-0430/,/birthday/0430/,301
/2026-0501/,/birthday/0501/,301
/2025-0501/,/birthday/0501/,301
/2026-0502/,/birthday/0502/,301
/2025-0502/,/birthday/0502/,301
/2026-0503/,/birthday/0503/,301
/2025-0503/,/birthday/0503/,301
/2026-0504/,/birthday/0504/,301
/2025-0504/,/birthday/0504/,301
/2026-0505/,/birthday/0505/,301
/2025-0505/,/birthday/0505/,301
/2026-0506/,/birthday/0506/,301
/2025-0506/,/birthday/0506/,301
/2026-0507/,/birthday/0507/,301
/2025-0507/,/birthday/0507/,301
/2026-0508/,/birthday/0508/,301
/2025-0508/,/birthday/0508/,301
/2026-0509/,/birthday/0509/,301
/2025-0509/,/birthday/0509/,301
/2026-0510/,/birthday/0510/,301
/2025-0510/,/birthday/0510/,301
/2026-0511/,/birthday/0511/,301
/2025-0511/,/birthday/0511/,301
/2026-0512/,/birthday/0512/,301
/2025-0512/,/birthday/0512/,301
/2026-0513/,/birthday/0513/,301
/2025-0513/,/birthday/0513/,301
/2026-0514/,/birthday/0514/,301
/2025-0514/,/birthday/0514/,301
/2026-0515/,/birthday/0515/,301
/2025-0515/,/birthday/0515/,301
/2026-0516/,/birthday/0516/,301
/2025-0516/,/birthday/0516/,301
/2026-0517/,/birthday/0517/,301
/2025-0517/,/birthday/0517/,301
/2026-0518/,/birthday/0518/,301
/2025-0518/,/birthday/0518/,301
/2026-0519/,/birthday/0519/,301
/2025-0519/,/birthday/0519/,301
/2026-0520/,/birthday/0520/,301
/2025-0520/,/birthday/0520/,301
/2026-0521/,/birthday/0521/,301
/2025-0521/,/birthday/0521/,301
/2026-0522/,/birthday/0522/,301
/2025-0522/,/birthday/0522/,301
/2026-0523/,/birthday/0523/,301
/2025-0523/,/birthday/0523/,301
/2026-0524/,/birthday/0524/,301
/2025-0524/,/birthday/0524/,301
/2026-0525/,/birthday/0525/,301
/2025-0525/,/birthday/0525/,301
/2026-0526/,/birthday/0526/,301
/2025-0526/,/birthday/0526/,301
/2026-0527/,/birthday/0527/,301
/2025-0527/,/birthday/0527/,301
/2026-0528/,/birthday/0528/,301
/2025-0528/,/birthday/0528/,301
/2026-0529/,/birthday/0529/,301
/2025-0529/,/birthday/0529/,301
/2026-0530/,/birthday/0530/,301
/2025-0530/,/birthday/0530/,301
/2026-0531/,/birthday/0531/,301
/2025-0531/,/birthday/0531/,301
/2026-0601/,/birthday/0601/,301
/2025-0601/,/birthday/0601/,301
/2026-0602/,/birthday/0602/,301
/2025-0602/,/birthday/0602/,301
/2026-0603/,/birthday/0603/,301
/2025-0603/,/birthday/0603/,301
/2026-0604/,/birthday/0604/,301
/2025-0604/,/birthday/0604/,301
/2026-0605/,/birthday/0605/,301
/2025-0605/,/birthday/0605/,301
/2026-0606/,/birthday/0606/,301
/2025-0606/,/birthday/0606/,301
/2026-0607/,/birthday/0607/,301
/2025-0607/,/birthday/0607/,301
/2026-0608/,/birthday/0608/,301
/2025-0608/,/birthday/0608/,301
/2026-0609/,/birthday/0609/,301
/2025-0609/,/birthday/0609/,301
/2026-0610/,/birthday/0610/,301
/2025-0610/,/birthday/0610/,301
/2026-0611/,/birthday/0611/,301
/2025-0611/,/birthday/0611/,301
/2026-0612/,/birthday/0612/,301
/2025-0612/,/birthday/0612/,301
/2026-0613/,/birthday/0613/,301
/2025-0613/,/birthday/0613/,301
/2026-0614/,/birthday/0614/,301
/2025-0614/,/birthday/0614/,301
/2026-0615/,/birthday/0615/,301
/2025-0615/,/birthday/0615/,301
/2026-0616/,/birthday/0616/,301
/2025-0616/,/birthday/0616/,301
/2026-0617/,/birthday/0617/,301
/2025-0617/,/birthday/0617/,301
/2026-0618/,/birthday/0618/,301
/2025-0618/,/birthday/0618/,301
/2026-0619/,/birthday/0619/,301
/2025-0619/,/birthday/0619/,301
/2026-0620/,/birthday/0620/,301
/2025-0620/,/birthday/0620/,301
/2026-0621/,/birthday/0621/,301
/2025-0621/,/birthday/0621/,301
/2026-0622/,/birthday/0622/,301
/2025-0622/,/birthday/0622/,301
/2026-0623/,/birthday/0623/,301
/2025-0623/,/birthday/0623/,301
/2026-0624/,/birthday/0624/,301
/2025-0624/,/birthday/0624/,301
/2026-0625/,/birthday/0625/,301
/2025-0625/,/birthday/0625/,301
/2026-0626/,/birthday/0626/,301
/2025-0626/,/birthday/0626/,301
/2026-0627/,/birthday/0627/,301
/2025-0627/,/birthday/0627/,301
/2026-0628/,/birthday/0628/,301
/2025-0628/,/birthday/0628/,301
/2026-0629/,/birthday/0629/,301
/2025-0629/,/birthday/0629/,301
/2026-0630/,/birthday/0630/,301
/2025-0630/,/birthday/0630/,301
/2026-0701/,/birthday/0701/,301
/2025-0701/,/birthday/0701/,301
/2026-0702/,/birthday/0702/,301
/2025-0702/,/birthday/0702/,301
/2026-0703/,/birthday/0703/,301
/2025-0703/,/birthday/0703/,301
/2026-0704/,/birthday/0704/,301
/2025-0704/,/birthday/0704/,301
/2026-0705/,/birthday/0705/,301
/2025-0705/,/birthday/0705/,301
/2026-0706/,/birthday/0706/,301
/2025-0706/,/birthday/0706/,301
/2026-0707/,/birthday/0707/,301
/2025-0707/,/birthday/0707/,301
/2026-0708/,/birthday/0708/,301
/2025-0708/,/birthday/0708/,301
/2026-0709/,/birthday/0709/,301
/2025-0709/,/birthday/0709/,301
/2026-0710/,/birthday/0710/,301
/2025-0710/,/birthday/0710/,301
/2026-0711/,/birthday/0711/,301
/2025-0711/,/birthday/0711/,301
/2026-0712/,/birthday/0712/,301
/2025-0712/,/birthday/0712/,301
/2026-0713/,/birthday/0713/,301
/2025-0713/,/birthday/0713/,301
/2026-0714/,/birthday/0714/,301
/2025-0714/,/birthday/0714/,301
/2026-0715/,/birthday/0715/,301
/2025-0715/,/birthday/0715/,301
/2026-0716/,/birthday/0716/,301
/2025-0716/,/birthday/0716/,301
/2026-0717/,/birthday/0717/,301
/2025-0717/,/birthday/0717/,301
/2026-0718/,/birthday/0718/,301
/2025-0718/,/birthday/0718/,301
/2026-0719/,/birthday/0719/,301
/2025-0719/,/birthday/0719/,301
/2026-0720/,/birthday/0720/,301
/2025-0720/,/birthday/0720/,301
/2026-0721/,/birthday/0721/,301
/2025-0721/,/birthday/0721/,301
/2026-0722/,/birthday/0722/,301
/2025-0722/,/birthday/0722/,301
/2026-0723/,/birthday/0723/,301
/2025-0723/,/birthday/0723/,301
/2026-0724/,/birthday/0724/,301
/2025-0724/,/birthday/0724/,301
/2026-0725/,/birthday/0725/,301
/2025-0725/,/birthday/0725/,301
/2026-0726/,/birthday/0726/,301
/2025-0726/,/birthday/0726/,301
/2026-0727/,/birthday/0727/,301
/2025-0727/,/birthday/0727/,301
/2026-0728/,/birthday/0728/,301
/2025-0728/,/birthday/0728/,301
/2026-0729/,/birthday/0729/,301
/2025-0729/,/birthday/0729/,301
/2026-0730/,/birthday/0730/,301
/2025-0730/,/birthday/0730/,301
/2026-0731/,/birthday/0731/,301
/2025-0731/,/birthday/0731/,301
/2026-0801/,/birthday/0801/,301
/2025-0801/,/birthday/0801/,301
/2026-0802/,/birthday/0802/,301
/2025-0802/,/birthday/0802/,301
/2026-0803/,/birthday/0803/,301
/2025-0803/,/birthday/0803/,301
/2026-0804/,/birthday/0804/,301
/2025-0804/,/birthday/0804/,301
/2026-0805/,/birthday/0805/,301
/2025-0805/,/birthday/0805/,301
/2026-0806/,/birthday/0806/,301
/2025-0806/,/birthday/0806/,301
/2026-0807/,/birthday/0807/,301
/2025-0807/,/birthday/0807/,301
/2026-0808/,/birthday/0808/,301
/2025-0808/,/birthday/0808/,301
/2026-0809/,/birthday/0809/,301
/2025-0809/,/birthday/0809/,301
/2026-0810/,/birthday/0810/,301
/2025-0810/,/birthday/0810/,301
/2026-0811/,/birthday/0811/,301
/2025-0811/,/birthday/0811/,301
/2026-0812/,/birthday/0812/,301
/2025-0812/,/birthday/0812/,301
/2026-0813/,/birthday/0813/,301
/2025-0813/,/birthday/0813/,301
/2026-0814/,/birthday/0814/,301
/2025-0814/,/birthday/0814/,301
/2026-0815/,/birthday/0815/,301
/2025-0815/,/birthday/0815/,301
/2026-0816/,/birthday/0816/,301
/2025-0816/,/birthday/0816/,301
/2026-0817/,/birthday/0817/,301
/2025-0817/,/birthday/0817/,301
/2026-0818/,/birthday/0818/,301
/2025-0818/,/birthday/0818/,301
/2026-0819/,/birthday/0819/,301
/2025-0819/,/birthday/0819/,301
/2026-0820/,/birthday/0820/,301
/2025-0820/,/birthday/0820/,301
/2026-0821/,/birthday/0821/,301
/2025-0821/,/birthday/0821/,301
/2026-0822/,/birthday/0822/,301
/2025-0822/,/birthday/0822/,301
/2026-0823/,/birthday/0823/,301
/2025-0823/,/birthday/0823/,301
/2026-0824/,/birthday/0824/,301
/2025-0824/,/birthday/0824/,301
/2026-0825/,/birthday/0825/,301
/2025-0825/,/birthday/0825/,301
/2026-0826/,/birthday/0826/,301
/2025-0826/,/birthday/0826/,301
/2026-0827/,/birthday/0827/,301
/2025-0827/,/birthday/0827/,301
/2026-0828/,/birthday/0828/,301
/2025-0828/,/birthday/0828/,301
/2026-0829/,/birthday/0829/,301
/2025-0829/,/birthday/0829/,301
/2026-0830/,/birthday/0830/,301
/2025-0830/,/birthday/0830/,301
/2026-0831/,/birthday/0831/,301
/2025-0831/,/birthday/0831/,301
/2026-0901/,/birthday/0901/,301
/2025-0901/,/birthday/0901/,301
/2026-0902/,/birthday/0902/,301
/2025-0902/,/birthday/0902/,301
/2026-0903/,/birthday/0903/,301
/2025-0903/,/birthday/0903/,301
/2026-0904/,/birthday/0904/,301
/2025-0904/,/birthday/0904/,301
/2026-0905/,/birthday/0905/,301
/2025-0905/,/birthday/0905/,301
/2026-0906/,/birthday/0906/,301
/2025-0906/,/birthday/0906/,301
/2026-0907/,/birthday/0907/,301
/2025-0907/,/birthday/0907/,301
/2026-0908/,/birthday/0908/,301
/2025-0908/,/birthday/0908/,301
/2026-0909/,/birthday/0909/,301
/2025-0909/,/birthday/0909/,301
/2026-0910/,/birthday/0910/,301
/2025-0910/,/birthday/0910/,301
/2026-0911/,/birthday/0911/,301
/2025-0911/,/birthday/0911/,301
/2026-0912/,/birthday/0912/,301
/2025-0912/,/birthday/0912/,301
/2026-0913/,/birthday/0913/,301
/2025-0913/,/birthday/0913/,301
/2026-0914/,/birthday/0914/,301
/2025-0914/,/birthday/0914/,301
/2026-0915/,/birthday/0915/,301
/2025-0915/,/birthday/0915/,301
/2026-0916/,/birthday/0916/,301
/2025-0916/,/birthday/0916/,301
/2026-0917/,/birthday/0917/,301
/2025-0917/,/birthday/0917/,301
/2026-0918/,/birthday/0918/,301
/2025-0918/,/birthday/0918/,301
/2026-0919/,/birthday/0919/,301
/2025-0919/,/birthday/0919/,301
/2026-0920/,/birthday/0920/,301
/2025-0920/,/birthday/0920/,301
/2026-0921/,/birthday/0921/,301
/2025-0921/,/birthday/0921/,301
/2026-0922/,/birthday/0922/,301
/2025-0922/,/birthday/0922/,301
/2026-0923/,/birthday/0923/,301
/2025-0923/,/birthday/0923/,301
/2026-0924/,/birthday/0924/,301
/2025-0924/,/birthday/0924/,301
/2026-0925/,/birthday/0925/,301
/2025-0925/,/birthday/0925/,301
/2026-0926/,/birthday/0926/,301
/2025-0926/,/birthday/0926/,301
/2026-0927/,/birthday/0927/,301
/2025-0927/,/birthday/0927/,301
/2026-0928/,/birthday/0928/,301
/2025-0928/,/birthday/0928/,301
/2026-0929/,/birthday/0929/,301
/2025-0929/,/birthday/0929/,301
/2026-0930/,/birthday/0930/,301
/2025-0930/,/birthday/0930/,301
/2026-1001/,/birthday/1001/,301
/2025-1001/,/birthday/1001/,301
/2026-1002/,/birthday/1002/,301
/2025-1002/,/birthday/1002/,301
/2026-1003/,/birthday/1003/,301
/2025-1003/,/birthday/1003/,301
/2026-1004/,/birthday/1004/,301
/2025-1004/,/birthday/1004/,301
/2026-1005/,/birthday/1005/,301
/2025-1005/,/birthday/1005/,301
/2026-1006/,/birthday/1006/,301
/2025-1006/,/birthday/1006/,301
/2026-1007/,/birthday/1007/,301
/2025-1007/,/birthday/1007/,301
/2026-1008/,/birthday/1008/,301
/2025-1008/,/birthday/1008/,301
/2026-1009/,/birthday/1009/,301
/2025-1009/,/birthday/1009/,301
/2026-1010/,/birthday/1010/,301
/2025-1010/,/birthday/1010/,301
/2026-1011/,/birthday/1011/,301
/2025-1011/,/birthday/1011/,301
/2026-1012/,/birthday/1012/,301
/2025-1012/,/birthday/1012/,301
/2026-1013/,/birthday/1013/,301
/2025-1013/,/birthday/1013/,301
/2026-1014/,/birthday/1014/,301
/2025-1014/,/birthday/1014/,301
/2026-1015/,/birthday/1015/,301
/2025-1015/,/birthday/1015/,301
/2026-1016/,/birthday/1016/,301
/2025-1016/,/birthday/1016/,301
/2026-1017/,/birthday/1017/,301
/2025-1017/,/birthday/1017/,301
/2026-1018/,/birthday/1018/,301
/2025-1018/,/birthday/1018/,301
/2026-1019/,/birthday/1019/,301
/2025-1019/,/birthday/1019/,301
/2026-1020/,/birthday/1020/,301
/2025-1020/,/birthday/1020/,301
/2026-1021/,/birthday/1021/,301
/2025-1021/,/birthday/1021/,301
/2026-1022/,/birthday/1022/,301
/2025-1022/,/birthday/1022/,301
/2026-1023/,/birthday/1023/,301
/2025-1023/,/birthday/1023/,301
/2026-1024/,/birthday/1024/,301
/2025-1024/,/birthday/1024/,301
/2026-1025/,/birthday/1025/,301
/2025-1025/,/birthday/1025/,301
/2026-1026/,/birthday/1026/,301
/2025-1026/,/birthday/1026/,301
/2026-1027/,/birthday/1027/,301
/2025-1027/,/birthday/1027/,301
/2026-1028/,/birthday/1028/,301
/2025-1028/,/birthday/1028/,301
/2026-1029/,/birthday/1029/,301
/2025-1029/,/birthday/1029/,301
/2026-1030/,/birthday/1030/,301
/2025-1030/,/birthday/1030/,301
/2026-1031/,/birthday/1031/,301
/2025-1031/,/birthday/1031/,301
/2026-1101/,/birthday/1101/,301
/2025-1101/,/birthday/1101/,301
/2026-1102/,/birthday/1102/,301
/2025-1102/,/birthday/1102/,301
/2026-1103/,/birthday/1103/,301
/2025-1103/,/birthday/1103/,301
/2026-1104/,/birthday/1104/,301
/2025-1104/,/birthday/1104/,301
/2026-1105/,/birthday/1105/,301
/2025-1105/,/birthday/1105/,301
/2026-1106/,/birthday/1106/,301
/2025-1106/,/birthday/1106/,301
/2026-1107/,/birthday/1107/,301
/2025-1107/,/birthday/1107/,301
/2026-1108/,/birthday/1108/,301
/2025-1108/,/birthday/1108/,301
/2026-1109/,/birthday/1109/,301
/2025-1109/,/birthday/1109/,301
/2026-1110/,/birthday/1110/,301
/2025-1110/,/birthday/1110/,301
/2026-1111/,/birthday/1111/,301
/2025-1111/,/birthday/1111/,301
/2026-1112/,/birthday/1112/,301
/2025-1112/,/birthday/1112/,301
/2026-1113/,/birthday/1113/,301
/2025-1113/,/birthday/1113/,301
/2026-1114/,/birthday/1114/,301
/2025-1114/,/birthday/1114/,301
/2026-1115/,/birthday/1115/,301
/2025-1115/,/birthday/1115/,301
/2026-1116/,/birthday/1116/,301
/2025-1116/,/birthday/1116/,301
/2026-1117/,/birthday/1117/,301
/2025-1117/,/birthday/1117/,301
/2026-1118/,/birthday/1118/,301
/2025-1118/,/birthday/1118/,301
/2026-1119/,/birthday/1119/,301
/2025-1119/,/birthday/1119/,301
/2026-1120/,/birthday/1120/,301
/2025-1120/,/birthday/1120/,301
/2026-1121/,/birthday/1121/,301
/2025-1121/,/birthday/1121/,301
/2026-1122/,/birthday/1122/,301
/2025-1122/,/birthday/1122/,301
/2026-1123/,/birthday/1123/,301
/2025-1123/,/birthday/1123/,301
/2026-1124/,/birthday/1124/,301
/2025-1124/,/birthday/1124/,301
/2026-1125/,/birthday/1125/,301
/2025-1125/,/birthday/1125/,301
/2026-1126/,/birthday/1126/,301
/2025-1126/,/birthday/1126/,301
/2026-1127/,/birthday/1127/,301
/2025-1127/,/birthday/1127/,301
/2026-1128/,/birthday/1128/,301
/2025-1128/,/birthday/1128/,301
/2026-1129/,/birthday/1129/,301
/2025-1129/,/birthday/1129/,301
/2026-1130/,/birthday/1130/,301
/2025-1130/,/birthday/1130/,301
/2026-1201/,/birthday/1201/,301
/2025-1201/,/birthday/1201/,301
/2026-1202/,/birthday/1202/,301
/2025-1202/,/birthday/1202/,301
/2026-1203/,/birthday/1203/,301
/2025-1203/,/birthday/1203/,301
/2026-1204/,/birthday/1204/,301
/2025-1204/,/birthday/1204/,301
/2026-1205/,/birthday/1205/,301
/2025-1205/,/birthday/1205/,301
/2026-1206/,/birthday/1206/,301
/2025-1206/,/birthday/1206/,301
/2026-1207/,/birthday/1207/,301
/2025-1207/,/birthday/1207/,301
/2026-1208/,/birthday/1208/,301
/2025-1208/,/birthday/1208/,301
/2026-1209/,/birthday/1209/,301
/2025-1209/,/birthday/1209/,301
/2026-1210/,/birthday/1210/,301
/2025-1210/,/birthday/1210/,301
/2026-1211/,/birthday/1211/,301
/2025-1211/,/birthday/1211/,301
/2026-1212/,/birthday/1212/,301
/2025-1212/,/birthday/1212/,301
/2026-1213/,/birthday/1213/,301
/2025-1213/,/birthday/1213/,301
/2026-1214/,/birthday/1214/,301
/2025-1214/,/birthday/1214/,301
/2026-1215/,/birthday/1215/,301
/2025-1215/,/birthday/1215/,301
/2026-1216/,/birthday/1216/,301
/2025-1216/,/birthday/1216/,301
/2026-1217/,/birthday/1217/,301
/2025-1217/,/birthday/1217/,301
/2026-1218/,/birthday/1218/,301
/2025-1218/,/birthday/1218/,301
/2026-1219/,/birthday/1219/,301
/2025-1219/,/birthday/1219/,301
/2026-1220/,/birthday/1220/,301
/2025-1220/,/birthday/1220/,301
/2026-1221/,/birthday/1221/,301
/2025-1221/,/birthday/1221/,301
/2026-1222/,/birthday/1222/,301
/2025-1222/,/birthday/1222/,301
/2026-1223/,/birthday/1223/,301
/2025-1223/,/birthday/1223/,301
/2026-1224/,/birthday/1224/,301
/2025-1224/,/birthday/1224/,301
/2026-1225/,/birthday/1225/,301
/2025-1225/,/birthday/1225/,301
/2026-1226/,/birthday/1226/,301
/2025-1226/,/birthday/1226/,301
/2026-1227/,/birthday/1227/,301
/2025-1227/,/birthday/1227/,301
/2026-1228/,/birthday/1228/,301
/2025-1228/,/birthday/1228/,301
/2026-1229/,/birthday/1229/,301
/2025-1229/,/birthday/1229/,301
/2026-1230/,/birthday/1230/,301
/2025-1230/,/birthday/1230/,301
/2026-1231/,/birthday/1231/,301
/2025-1231/,/birthday/1231/,301
