slug,ID
01-01,6253
01-02,6257
01-03,6258
01-04,6259
01-05,6260
01-06,6261
01-07,6262
01-08,6263
01-09,6264
01-10,6265
01-11,6266
01-12,6267
01-13,6268
01-14,6269
01-15,6270
01-16,6271
01-17,6272
01-18,6273
01-19,6274
01-20,6254
01-21,6275
01-22,6276
01-23,6277
01-24,6278
01-25,6279
01-26,6280
01-27,6281
01-28,6282
01-29,6283
01-30,6284
01-31,6285
02-01,6286
02-02,6287
02-03,6288
02-04,6289
02-05,6290
02-06,6291
02-07,6292
02-08,6293
02-09,6294
02-10,6295
02-11,6296
02-12,6297
02-13,6298
02-14,6299
02-15,6300
02-16,6301
02-17,6302
02-18,6303
02-19,6304
02-20,6305
02-21,6306
02-22,6307
02-23,6308
02-24,6309
02-25,6310
02-26,6311
02-27,6312
02-28,6313
02-29,6255
03-01,6314
03-02,6315
03-03,6316
03-04,6317
03-05,6318
03-06,6319
03-07,6320
03-08,6321
03-09,6322
03-10,6323
03-11,6324
03-12,6325
03-13,6326
03-14,6327
03-15,6328
03-16,6329
03-17,6330
03-18,6331
03-19,6332
03-20,6333
03-21,6334
03-22,6335
03-23,6336
03-24,6337
03-25,6338
03-26,6339
03-27,6340
03-28,6341
03-29,6342
03-30,6343
03-31,6344
04-01,6345
04-02,6346
04-03,6347
04-04,6348
04-05,6349
04-06,6350
04-07,6351
04-08,6352
04-09,6353
04-10,6354
04-11,6355
04-12,6356
04-13,6357
04-14,6358
04-15,6359
04-16,6360
04-17,6361
04-18,6362
04-19,6363
04-20,6364
04-21,6365
04-22,6366
04-23,6367
04-24,6368
04-25,6369
04-26,6370
04-27,6371
04-28,6372
04-29,6373
04-30,6374
05-01,6375
05-02,6376
05-03,6377
05-04,6379
05-05,6380
05-06,6381
05-07,6382
05-08,6383
05-09,6384
05-10,6385
05-11,6386
05-12,6387
05-13,6388
05-14,6389
05-15,6390
05-16,6391
05-17,6392
05-18,6393
05-19,6394
05-20,6395
05-21,6396
05-22,6397
05-23,6398
05-24,6399
05-25,6400
05-26,6401
05-27,6402
05-28,6403
05-29,6404
05-30,6405
05-31,6406
06-01,6407
06-02,6408
06-03,6409
06-04,6410
06-05,6411
06-06,6412
06-07,6413
06-08,6414
06-09,6415
06-10,6416
06-11,6417
06-12,6418
06-13,6419
06-14,6420
06-15,6421
06-16,6422
06-17,6423
06-18,6424
06-19,6425
06-20,6426
06-21,6427
06-22,6428
06-23,6429
06-24,6430
06-25,6431
06-26,6432
06-27,6433
06-28,6434
06-29,6435
06-30,6436
07-01,6437
07-02,6438
07-03,6439
07-04,6440
07-05,6441
07-06,6442
07-07,6443
07-08,6444
07-09,6445
07-10,6446
07-11,6447
07-12,6448
07-13,6449
07-14,6450
07-15,6451
07-16,6452
07-17,6453
07-18,6454
07-19,6455
07-20,6456
07-21,6457
07-22,6458
07-23,6459
07-24,6460
07-25,6461
07-26,6462
07-27,6463
07-28,6464
07-29,6465
07-30,6466
07-31,6467
08-01,6468
08-02,6469
08-03,6470
08-04,6471
08-05,6472
08-06,6473
08-07,6474
08-08,6475
08-09,6476
08-10,6477
08-11,6478
08-12,6479
08-13,6480
08-14,6481
08-15,6482
08-16,6483
08-17,6484
08-18,6485
08-19,6486
08-20,6487
08-21,6488
08-22,6489
08-23,6490
08-24,6491
08-25,6492
08-26,6493
08-27,6494
08-28,6495
08-29,6496
08-30,6497
08-31,6498
09-01,6499
09-02,6501
09-03,6502
09-04,6503
09-05,6504
09-06,6505
09-07,6506
09-08,6507
09-09,6508
09-10,6509
09-11,6510
09-12,6511
09-13,6512
09-14,6513
09-15,6514
09-16,6515
09-17,6516
09-18,6517
09-19,6518
09-20,6519
09-21,6520
09-22,6521
09-23,6522
09-24,6523
09-25,6524
09-26,6525
09-27,6526
09-28,6527
09-29,6528
09-30,6529
10-01,6530
10-02,6531
10-03,6532
10-04,6533
10-05,6534
10-06,6535
10-07,6536
10-08,6537
10-09,6538
10-10,6539
10-11,6540
10-12,6541
10-13,6542
10-14,6543
10-15,6544
10-16,6545
10-17,6546
10-18,6547
10-19,6548
10-20,6549
10-21,6550
10-22,6551
10-23,6552
10-24,6553
10-25,6554
10-26,6555
10-27,6556
10-28,6557
10-29,6558
10-30,6559
10-31,6560
11-01,6561
11-02,6562
11-03,6563
11-04,6564
11-05,6565
11-06,6566
11-07,6567
11-08,6568
11-09,6569
11-10,6570
11-11,6571
11-12,6572
11-13,6573
11-14,6574
11-15,6575
11-16,6576
11-17,6577
11-18,6578
11-19,6579
11-20,6580
11-21,6581
11-22,6582
11-23,6583
11-24,6584
11-25,6585
11-26,6586
11-27,6587
11-28,6588
11-29,6589
11-30,6590
12-01,6591
12-02,6592
12-03,6593
12-04,6594
12-05,6595
12-06,6596
12-07,6597
12-08,6598
12-09,6599
12-10,6600
12-11,6601
12-12,6602
12-13,6603
12-14,6604
12-15,6605
12-16,6606
12-17,6607
12-18,6608
12-19,6609
12-20,6610
12-21,6611
12-22,6612
12-23,6613
12-24,6614
12-25,6615
12-26,6616
12-27,6617
12-28,6618
12-29,6619
12-30,6620
12-31,6621
hub(366uranai),2743
seinengappi,6988
