MMDD	誕生花	花ことば
0101	フクジュソウ	幸福を招く
0102	ロウバイ	慈愛心を持っている
0103	マツ	永遠の若さ
0104	デージー(白)	自然の喜び
0105	クロッカス	楽しみ
0106	スミレ(ピンク)	希望
0107	ヒヤシンス(赤)	遊び心
0108	モクレン	自然愛
0109	ヒトリシズカ	愛にこたえて
0110	レンギョウ	豊かな希望
0111	ミスミソウ	内緒
0112	キンセンカ(黄)	繊細な美しさ
0113	スイセン(白)	自己愛
0114	サフラン	ひかえめな美
0115	スミレ(白)	あどけない恋
0116	ジンチョウゲ	永遠
0117	シンビジューム	高貴な美人
0118	サンシュユ	気丈な愛
0119	スイセン(黄)	感じやすい心
0120	スハマソウ	慕われる人
0121	ユキヤナギ	静かな思い
0122	アネモネ	君を愛す
0123	ネコヤナギ	自由な心
0124	ハナキリン	独立
0125	ツバキ(白)	申し分のない魅力
0126	ヒヤシンス(白)	心静かな愛
0127	デージー(紫)	純粋
0128	ネモフィラ	他人思い
0129	コブシ	友情
0130	ムスカリ	明るい未来
0131	マンサク	感じやすさ
0201	マーガレット	心に秘めた愛
0202	フリージア(白)	あどけなさ
0203	ツバキ(赤)	気どらない優美
0204	ボケ	魅惑的な恋
0205	サクラソウ	少年時代の希望
0206	スミレ(黄)	つつましい幸せ
0207	ウメ	高潔な心
0208	ストック(ピンク)	ふくよかな愛情
0209	ゼンマイ	秘めたる若さ
0210	エリカ	博愛
0211	カルミヤ	大きな希望
0212	プリムラマラコイデス	気どらない愛
0213	イワレンゲ	豊かな才能
0214	フリージア(黄)	純潔
0215	ジャスティシア	熱意
0216	ラッパスイセン	あなたを待つ
0217	スノーフレーク	慈愛
0218	キンギョソウ	清純な心
0219	プリムラポリアンサス	可憐な生き方
0220	ストック(紫)	おおらかな愛情
0221	スミレ(紫)	ひそかな愛
0222	フリージア(赤)	愛想の良さ
0223	ヒロスムポピー	七色の愛
0224	アマリリス	誇り
0225	ラナンキュラス	晴れやかな魅力
0226	ローダンセ	情にあつい
0227	ワビスケ(ピンク)	簡素
0228	ゲッケイジュ	輝ける将来
0229	シュンラン	純心美
0301	プリムラオブコニカ	幸福感
0302	ストック(赤)	永遠の美
0303	モモ(ピンク)	気だての良さ
0304	アイスランドポピー	気高い精神
0305	モモ(白)	人柄の良さ
0306	チューリップ(赤)	美しい瞳
0307	ストック(白)	ひそやかな愛
0308	チューリップ(白)	新しい恋
0309	アザレア(白)	満ち足りた心
0310	スプレーカーネーション	素朴
0311	ハナビシソウ	希望のもてる愛
0312	エニシダ	清楚
0313	チューリップ(黄)	名声
0314	キャンディタフト	思いやり
0315	スイートピー(白)	優しい思い出
0316	ハナズオウ	目覚め
0317	カルセオラリア	優美
0318	アイリス	愛
0319	アザレア(ピンク)	青春の喜び
0320	スイートピー(ピンク)	恋の愉しみ
0321	イカリソウ	人生の出発
0322	アザレア(赤)	節度の愛
0323	タンポポ	明朗な歌声
0324	カラマツ	大胆
0325	アルストロメリア	援助
0326	ハナカイドウ	友情
0327	ゼニアオイ	初恋
0328	ツゲ	冷静
0329	バイモユリ	凛とした姿
0330	サクランボ	上品
0331	イチゴ	尊重と愛情
0401	ソメイヨシノ	優れた美人
0402	ミヤコワスレ	また逢う日まで
0403	アスター	心配り
0404	カスミソウ(白)	静心
0405	ワスレナグサ(青)	真実の愛
0406	キンレンカ	期待
0407	アカツメクサ	豊かな愛
0408	リンゴ	選ばれた恋
0409	ヤマブキ	気品が高い
0410	イチジク	実りある恋
0411	ヤグルマソウ	繊細な心
0412	カスミソウ(ピンク)	切なる喜び
0413	レンゲソウ	私の幸福
0414	ウツギ	風情
0415	ワスレナグサ(白)	私を忘れないで
0416	レンゲツツジ	あふれる向上心
0417	カキツバタ	幸福が来る
0418	スターチス(ピンク)	永久不変
0419	キショウブ	幸せを掴む
0420	シャガ	決心
0421	クロタネソウ	夢を抱く
0422	ギボウシ	心の落ち着き
0423	ニワゼキショウ	豊かな感情
0424	オレンジ	寛大
0425	ハハコグサ	いつも思う
0426	アズマギク	尊い愛
0427	オキナグサ	清純な心
0428	ヒメハギ	信じる恋
0429	スターチス(黄)	愛の喜び
0430	ナシ	和やかな愛情
0501	エーデルワイス	初恋の感動
0502	フクシア	恋の予感
0503	スズラン	清らかな愛
0504	スターチス(紫)	しとやか
0505	カラー(白)	壮大な美
0506	オダマキ	負け知らず
0507	ボタン	はじらい
0508	ハナショウブ	優しい心
0509	ミズキ	成熟した精神
0510	ペチュニア(白)	和らぐ心
0511	ライラック	愛の芽生え
0512	カンパニュラ	思いを告げる
0513	カーネーション(赤)	愛を信じる
0514	ペチュニア(ピンク)	自然な心
0515	カーネーション(ピンク)	美しい仕種
0516	ノカンゾウ	憂いを忘れる
0517	ロベリア	譲る心
0518	ユリノキ	幸福
0519	クルミ	知性
0520	ハクサンチドリ	美点の持ち主
0521	ムクゲ	繊細美
0522	アワモリショウマ	熱心な気持ち
0523	カラー(白)	愛情
0524	ムギワラギク	献身
0525	ニチニチソウ	友情
0526	チャ	純愛
0527	カタバミ	輝く心
0528	エンレイソウ	奥ゆかしい心
0529	セキチク	快活
0530	シラー	多感な心
0531	フジ	歓迎
0601	チューベローズ	危険な楽しみ
0602	マツヨイグサ	ほのかな恋
0603	アジサイ	元気な女性
0604	バラ(ピンク)	温かい心
0605	オモダカ	高潔な心
0606	イチハツ	つきあい上手
0607	バラ(黄)	美
0608	ニセアカシア	頼られる人
0609	ルリハコベ	約束
0610	ホタルブクロ	愛らしさ
0611	ヒゲナデシコ	細やかな思い
0612	スパティフィラム	爽快
0613	トケイソウ	聖なる愛
0614	グラジオラス(ピンク)	ひたむきな愛
0615	スイカズラ	献身の愛
0616	シャクヤク	はじらい
0617	フウセンカズラ	あなたとともに
0618	タチアオイ	大きな望み
0619	バラ(赤)	熱烈な恋
0620	クリ	真心
0621	コデマリ	伸びゆく姿
0622	シラン	美しい姿
0623	ムラサキツユクサ	貴び
0624	グラジオラス(紫)	情熱的な恋
0625	ウイキョウ	賞讃
0626	ジキタリス	熱い胸の内
0627	アガパンサス	恋の訪れ
0628	エスカロニア	慕う心
0629	ジャーマンアイリス	恋の便り
0630	スカビオサ	魅力
0701	クレマチス	心の美
0702	フロックス	温和
0703	マツバギク	心広い愛情
0704	カノコユリ	慈悲深さ
0705	ハマナス	香り豊か
0706	ツユクサ	尊敬
0707	クチナシ	とても、うれしい
0708	フウリンソウ	感謝
0709	ボダイジュ	結ばれる愛
0710	トルコギキョウ(ピンク)	優美
0711	カノコソウ	真実の愛情
0712	ノコギリソウ	真心を持って
0713	ホテイアオイ	恋の愉しみ
0714	ユリ(白)	純潔
0715	カワラナデシコ	可憐
0716	ジンジャー	慕われる愛
0717	ヒルガオ	和やかさ
0718	バーベナ	魅了する
0719	ユリ(黄)	飾らぬ美
0720	フィソステギア	達成
0721	ネムノキ	創造力
0722	ジャノメギク	変わらぬ熱愛
0723	ブーゲンビリア(ピンク)	情熱
0724	オオマツヨイグサ	秘めた情熱
0725	トリカブト	美しい輝き
0726	ハルシャギク	清い心
0727	マツバボタン	可愛らしさ
0728	サラサドウダン	喜びあふれ
0729	ブーゲンビリア(白)	熱心な気持ち
0730	トルコギキョウ(白)	希望
0731	ルドベキア	正しい選択
0801	オシロイバナ	あなたを思う
0802	ハマユウ	あなたを信じます
0803	ヒナゲシ	乙女らしさ
0804	オイランソウ	同意できる気持ち
0805	サルスベリ	愛敬
0806	アサガオ	愛着
0807	アンスリウム(赤)	炎のような輝き
0808	コウホネ	秘められた愛情
0809	パンパスグラス	人気
0810	ルコウソウ	世話好き
0811	ゼラニウム(ピンク)	決意
0812	キバナコスモス	野生美
0813	ベロニカ	忠実
0814	センニチコウ	不変の愛
0815	エリンギウム	光を求める
0816	トリトマ	切実な思い
0817	オオケタデ	汚れない心
0818	クコ	誠実
0819	ノウゼンカズラ	華のある人生
0820	キョウチクトウ	恵まれた人
0821	サボテン	秘めた熱意
0822	ヒマワリ	あなたはすばらしい
0823	ワレモコウ	感謝
0824	トロロアオイ	整然とした愛
0825	ハイビスカス(赤)	新しい恋
0826	ベニバナ	夢中
0827	ザクロ	円熟の美
0828	ゲッカビジン	はかない美
0829	クローバー	堅実
0830	ツキミソウ	自由な心
0831	ハイビスカス(白)	艶美
0901	キキョウ	優しい温かさ
0902	マリーゴールド(黄)	可憐な愛情
0903	カラジューム	喜び
0904	ナデシコ	思慕
0905	ケイトウ	おしゃれ
0906	クルマユリ	多才な人
0907	ヘリアンサス	誘惑
0908	ホウセンカ	心を開く
0909	オミナエシ	美しさ
0910	ダリア(赤)	華麗
0911	ブドウ	好意
0912	フトイ	品位
0913	クズ	芯の強さ
0914	アザミ	独立
0915	サネカズラ	好機をつかむ
0916	ハゲイトウ	情愛
0917	シュウカイドウ	自然を愛す
0918	リンドウ(白)	貞節
0919	サルビア	燃ゆる思い
0920	リンドウ(紫)	満ちた自信
0921	カンナ	熱い思い
0922	アカネ	私を思って
0923	マンジュシャゲ	陽気な気分
0924	ダリア(黄)	栄華
0925	ウラギク	追憶
0926	イチイ	高尚
0927	トレニア	可憐
0928	フジバカマ	あの日を思い出す
0929	ススキ	悔いなき青春
0930	シュウメイギク	多感なとき
1001	ハギ	前向きな恋
1002	ヘレニウム	寛容な心
1003	シオン	ご機嫌よう
1004	レースフラワー	細やかな愛情
1005	チョウセンアサガオ	愛敬
1006	コスモス(赤)	調和
1007	チョロギ	楽しい人生
1008	ガーベラ(橙)	神秘
1009	ホトトギス	永遠
1010	ジュズダマ	成し遂げられる思い
1011	コリウス	恋の望み
1012	ガーベラ(黄)	究極美
1013	アカンサス	巧みさ
1014	コスモス(白)	美麗
1015	クレオメ	小さな愛
1016	マリーゴールド(橙)	真心
1017	フヨウ	繊細美
1018	ミソハギ	純真な愛情
1019	アキノキリンソウ	幸せな人生
1020	ニシキギ	あなたの定め
1021	チトニア	優美な仕種
1022	コスモス(ピンク)	少女の純潔
1023	ゼフィランサス	純白の愛
1024	ガーベラ(ピンク)	崇高美
1025	ミセバヤ	つつましさ
1026	イチョウ	しとやか
1027	ツリフネソウ	詩的な愛
1028	ホップ	信じる心
1029	アゲラタム	幸せを得る
1030	スイレン	清純
1031	モミジ	大切な思い出
1101	アケビ	唯一の恋
1102	キンモクセイ	真実
1103	キク(黄)	高潔
1104	ムラサキシキブ	愛され上手
1105	サザンカ(白)	無垢
1106	センノウ	恋のときめき
1107	ユーカリ	思い出
1108	ヒイラギ	機智
1109	ルピナス	母性愛
1110	ブバリア(ピンク)	知性的な魅力
1111	マユミ	艶めき
1112	ワックスフラワー	可愛らしさ
1113	ハシバミ	仲直り
1114	アジアンタム	上機嫌
1115	ヤマユリ	人生の楽しみ
1116	サザンカ(赤)	無垢
1117	ベゴニア(赤)	公平
1118	ナナカマド	怠りない心
1119	オトギリソウ	秘密
1120	カラスウリ	誠実
1121	オキザリス	輝く心
1122	アロエ	健やか
1123	キク(白)	真実
1124	ペペロミア	片思い
1125	セントポーリア	小さな愛
1126	ラケナリア	好奇心
1127	キク(赤)	真の愛
1128	オンシジューム	気だての良さ
1129	ベゴニア(白)	親切
1130	ユーチャリス	清らかな心
1201	カランコエ	おおらかな心
1202	ドラセナ	幸せな恋
1203	ファレノプシス	機敏な人
1204	ハボタン	祝福
1205	ナンテン	機知に富む
1206	センナリホウズキ	可憐な愛
1207	ウメモドキ	深い愛情
1208	シクラメン(白)	思いやり
1209	グロリオサ	栄光
1210	シャコバサボテン	冒険心
1211	ホーリー	永遠の輝き
1212	ムラサキハナナ	優秀
1213	デンドロビウム	天性の華を持つ
1214	サイネリア(紫)	喜び
1215	カトレア(黄)	魅了
1216	ストレリチア	輝かしい未来
1217	ツワブキ	先を見通す能力
1218	リカステ	快活
1219	オモト	崇高な精神
1220	クンシラン	幸せを呼ぶ
1221	コルチカム	美徳
1222	シクラメン(赤)	はにかみ
1223	カトレア(紫)	優美な女心
1224	モミ	高尚
1225	ポインセチア(赤)	私の心は燃えている
1226	クリスマスローズ	思い出を懐かしむ
1227	ヤブコウジ	ふくよかな愛
1228	パフィオペディルム	思慮深さ
1229	ポインセチア(白)	慕われる人
1230	アナナス	大切な気持ち
1231	センリョウ	恵まれた才能
